Country,Name
TEST,Bentbox
UK,Aberdeen
UK,Armagh
UK,Bangor
UK,Bath
UK,Belfast
UK,Birmingham
UK,Bradford
UK,Brighton
UK,Hove
UK,Bristol
UK,Canterbury
UK,Cardiff
UK,Carlisle
UK,Chelmsford
UK,Chester
UK,Chichester
UK,Coventry
UK,Derby
UK,Londonderry
UK,Derry
UK,Dundee
UK,Durham
UK,Edinburgh
UK,Ely
UK,Glasgow
UK,Gloucester
UK,Hereford
UK,Inverness
UK,Kingston upon Hull
UK,Hull
UK,Lancaster
UK,Leeds
UK,Leicester
UK,Lichfield
UK,Lincoln
UK,Lisburn
UK,Liverpool
UK,London
UK,City of London
UK,Manchester
UK,Newcastle
UK,Newport
UK,Newry
UK,Norwich
UK,Nottingham
UK,Oxford
UK,Peterborough
UK,Plymouth
UK,Portsmouth
UK,Preston
UK,Ripon
UK,St Albans
UK,St Asaph
UK,St Davids
UK,Salisbury
UK,Salford
UK,Sheffield
UK,Southampton
UK,Stirling
UK,Stoke
UK,Sunderland
UK,Swansea
UK,Truro
UK,Wakefield
UK,Wells
UK,Westminster
UK,Winchester
UK,Wolverhampton
UK,Worcester
UK,UK
UK,United Kingdom
UK,England
UK,Scottland
UK,Wales
UK,Northern Ireland
USA,USA
USA,United States
USA,Alabama
USA,Alaska
USA,Arizona
USA,Arkansas
USA,California
USA,Colorado
USA,Connecticut
USA,Delaware
USA,Florida
USA,Georgia
USA,Hawaii
USA,Idaho
USA,Illinois
USA,Indiana
USA,Iowa
USA,Kansas
USA,Kentucky
USA,Louisiana
USA,Maine
USA,Maryland
USA,Massachusetts
USA,Michigan
USA,Minnesota
USA,Mississippi
USA,Missouri
USA,Montana
USA,Nebraska
USA,Nevada
USA,New Hampshire
USA,New Jersey
USA,New Mexico
USA,New York
USA,North Carolina
USA,North Dakota
USA,Ohio
USA,Oklahoma
USA,Oregon
USA,Pennsylvania
USA,Rhode Island
USA,South Carolina
USA,South Dakota
USA,Tennessee
USA,Texas
USA,Utah
USA,Vermont
USA,Virginia
USA,Washington
USA,West Virginia
USA,Wisconsin
USA,Wyoming
USA,AK
USA,AL
USA,AR
USA,AZ
USA,CA
USA,CO
USA,CT
USA,DE
USA,FL
USA,GA
USA,HI
USA,IA
USA,ID
USA,IL
USA,IN
USA,KS
USA,KY
USA,LA
USA,MA
USA,MD
USA,ME
USA,MI
USA,MN
USA,MO
USA,MS
USA,MT
USA,NC
USA,ND
USA,NE
USA,NH
USA,NJ
USA,NM
USA,NV
USA,NY
USA,OH
USA,OK
USA,OR
USA,PA
USA,RI
USA,SC
USA,SD
USA,TN
USA,TX
USA,UT
USA,VA
USA,VT
USA,WA
USA,WI
USA,WV
USA,WY
USA,New York
USA,Los Angeles
USA,Chicago
USA,Houston
USA,Phoenix
USA,Philadelphia
USA,San Antonio
USA,San Diego
USA,Dallas
USA,San Jose
USA,Austin
USA,Jacksonville
USA,Fort Worth
USA,Columbus
USA,Charlotte
USA,San Francisco
USA,Indianapolis
USA,Seattle
USA,Denver
USA,Washington
USA,Boston
USA,El Paso
USA,Nashville
USA,Detroit
USA,Oklahoma City
USA,Portland
USA,Las Vegas
USA,Memphis
USA,Louisville
USA,Baltimore
USA,Milwaukee
USA,Albuquerque
USA,Tucson
USA,Fresno
USA,Mesa
USA,Sacramento
USA,Atlanta
USA,Kansas City
USA,Colorado Springs
USA,Omaha
USA,Raleigh
USA,Miami
USA,Long Beach
USA,Virginia Beach
USA,Oakland
USA,Minneapolis
USA,Tulsa
USA,Tampa
USA,Arlington
USA,New Orleans
USA,Wichita
USA,Bakersfield
USA,Cleveland
USA,Aurora
USA,Anaheim
USA,Honolulu
USA,Santa Ana
USA,Riverside
USA,Corpus Christi
USA,Lexington
USA,Henderson
USA,Stockton
USA,Saint Paul
USA,Cincinnati
USA,St. Louis
USA,Pittsburgh
USA,Greensboro
USA,Lincoln
USA,Anchorage
USA,Plano
USA,Orlando
USA,Irvine
USA,Newark
USA,Durham
USA,Chula Vista
USA,Toledo
USA,Fort Wayne
USA,St. Petersburg
USA,Laredo
USA,Jersey City
USA,Chandler
USA,Madison
USA,Lubbock
USA,Scottsdale
USA,Reno
USA,Buffalo
USA,Gilbert
USA,Glendale
USA,North Las Vegas
USA,Winston–Salem
USA,Chesapeake
USA,Norfolk
USA,Fremont
USA,Garland
USA,Irving
USA,Hialeah
USA,Richmond
USA,Boise
USA,Spokane
USA,Baton Rouge
USA,Tacoma
USA,San Bernardino
USA,Modesto
USA,Fontana
USA,Des Moines
USA,Moreno Valley
USA,Santa Clarita
USA,Fayetteville
UK,Worcestershire
UK,Bedfordshire
UK,Berkshire
UK,Buckinghamshire
UK,Cambridgeshire
UK,Cheshire
UK,Derbyshire
UK,Devon
UK,Gloucestershire
UK,Hampshire
UK,Herefordshire
UK,Hertfordshire
UK,Huntingdonshire
UK,Lancashire
UK,Yorkshire
UK,Lincolnshire
UK,Leicestershire
UK,Northamptonshire
UK,Nottinghamshire
UK,Oxfordshire
UK,Shropshire
UK,Staffordshire
UK,Warwickshire
UK,Wiltshire
UK,Guildford
USA,Palo Alto
